PRODUCT_ID,PRODUCT_NAME,CATEGORY,PRICE,COST,ACTIVE,CREATED_AT
1,Automated executive standardization,Home,24.08,16.34,True,2025-04-02 21:58:09
2,Digitized maximized hub,Electronics,188.09,127.78,True,2025-01-22 04:54:30
3,Total bandwidth-monitored knowledgebase,Sports,251.64,102.58,True,2024-11-26 15:05:40
4,Proactive real-time adapter,Sports,314.13,244.66,True,2024-09-21 19:37:25
5,Optional object-oriented hub,Electronics,33.57,14.87,True,2024-12-16 14:12:48
6,Reactive web-enabled Internet solution,Sports,52.39,31.69,True,2024-06-20 11:59:36
7,Enhanced analyzing benchmark,Garden,196.49,155.48,True,2025-05-17 14:30:50
8,Decentralized homogeneous collaboration,Electronics,191.58,80.38,True,2023-11-01 21:17:10
9,Diverse multimedia methodology,Garden,35.4,16.51,True,2023-11-27 11:43:36
10,Visionary human-resource policy,Clothing,263.52,116.27,True,2024-09-16 01:37:50
11,Future-proofed object-oriented contingency,Clothing,326.63,138.63,True,2024-06-07 06:54:00
12,Cloned actuating paradigm,Garden,325.34,224.28,True,2023-10-06 01:33:18
13,Enterprise-wide analyzing concept,Electronics,352.07,164.32,True,2024-04-05 13:19:25
14,Grass-roots asynchronous model,Garden,29.8,18.97,True,2024-12-15 19:47:55
15,Customer-focused optimal projection,Clothing,337.58,144.53,True,2025-08-13 00:55:12
16,Streamlined systematic approach,Toys,152.02,115.5,True,2023-10-31 14:37:56
17,Secured logistical toolset,Sports,359.01,149.54,True,2025-01-03 04:09:07
18,Up-sized full-range groupware,Electronics,46.41,20.92,True,2024-10-03 07:45:21
19,Synchronized tangible intranet,Garden,366.9,231.01,True,2023-12-27 02:13:26
20,De-engineered attitude-oriented time-frame,Electronics,269.92,155.81,True,2024-04-23 17:12:04
21,Business-focused optimizing flexibility,Electronics,57.35,41.1,True,2024-05-31 09:29:38
22,Upgradable contextually-based service-desk,Garden,13.44,9.53,True,2024-12-01 00:50:09
23,Compatible neutral protocol,Toys,268.51,135.22,True,2023-11-15 12:36:18
24,Innovative modular time-frame,Electronics,173.31,135.2,True,2025-03-07 10:08:27
25,Multi-lateral transitional Internet solution,Toys,51.01,24.61,True,2023-09-20 15:11:41
26,Phased intangible portal,Garden,344.1,216.87,True,2025-04-11 10:28:57
27,Configurable heuristic capacity,Sports,207.31,149.3,True,2025-01-01 11:31:27
28,Cross-group static superstructure,Home,96.97,45.69,True,2023-12-17 05:13:18
29,Re-engineered fault-tolerant benchmark,Garden,482.67,322.36,True,2025-02-05 12:18:22
30,Public-key interactive intranet,Sports,97.95,47.66,True,2024-11-17 13:36:45
31,Automated client-server ability,Clothing,197.63,83.85,True,2023-11-09 15:56:27
32,Decentralized clear-thinking support,Clothing,18.47,11.42,True,2023-09-01 18:22:36
33,Visionary zero-defect Graphical User Interface,Clothing,444.55,267.38,True,2023-11-19 14:16:19
34,Universal national methodology,Home,291.57,147.36,True,2024-03-07 16:21:15
35,Versatile tangible knowledgebase,Electronics,198.59,99.23,True,2025-06-04 19:55:50
36,Mandatory human-resource array,Home,66.64,43.25,True,2025-02-22 19:56:15
37,Automated background structure,Electronics,57.22,27.16,True,2024-01-26 14:22:19
38,Synergistic impactful core,Clothing,134.26,60.89,True,2025-02-01 14:42:30
39,Re-engineered impactful firmware,Electronics,125.06,61.85,True,2024-11-23 02:09:39
40,Reverse-engineered incremental website,Toys,351.18,178.86,True,2024-04-29 18:44:56
41,Object-based grid-enabled application,Garden,243.46,130.46,True,2024-01-10 20:09:05
42,Public-key context-sensitive toolset,Toys,366.16,216.04,True,2025-05-23 03:44:55
43,Ergonomic tertiary support,Toys,286.9,165.75,True,2023-09-28 05:01:47
44,Synchronized discrete framework,Toys,224.81,171.96,True,2024-02-07 21:40:39
45,Monitored content-based time-frame,Toys,423.46,272.72,True,2024-02-03 16:47:03
46,Networked human-resource definition,Clothing,408.54,174.93,True,2023-10-05 15:53:32
47,Persevering motivating approach,Clothing,321.42,233.94,True,2023-11-02 01:50:52
48,Assimilated 4thgeneration moratorium,Toys,324.94,233.82,True,2025-06-18 05:19:35
49,Seamless multimedia middleware,Home,452.68,342.86,True,2025-06-18 06:33:57
50,Profit-focused bifurcated paradigm,Clothing,102.73,73.71,True,2024-05-13 22:07:06
51,Fundamental directional capacity,Sports,89.09,71.2,True,2024-08-02 04:05:06
52,Virtual hybrid collaboration,Garden,174.2,100.54,True,2024-02-29 01:52:55
53,Adaptive bi-directional standardization,Garden,61.66,32.59,True,2024-02-06 00:55:12
54,Decentralized non-volatile process improvement,Sports,392.79,266.82,True,2024-07-07 05:53:44
55,Exclusive homogeneous interface,Sports,418.89,202.87,True,2023-11-09 11:11:41
56,Advanced contextually-based implementation,Clothing,154.18,88.47,True,2023-11-17 22:15:17
57,Managed foreground firmware,Garden,320.54,249.82,True,2024-10-10 13:28:25
58,Devolved needs-based orchestration,Home,395.41,191.94,True,2023-12-15 02:52:15
59,Team-oriented dynamic customer loyalty,Toys,322.8,194.66,True,2024-02-19 05:09:33
60,Balanced background flexibility,Clothing,134.17,80.49,True,2024-08-25 11:22:44
61,Total encompassing project,Toys,131.07,98.65,True,2025-04-27 12:02:53
62,Compatible mission-critical strategy,Garden,71.19,52.2,True,2024-05-09 08:03:59
63,Digitized foreground definition,Clothing,493.09,216.11,True,2023-08-27 06:45:19
64,Upgradable demand-driven leverage,Sports,199.6,109.86,True,2024-12-28 21:56:30
65,Distributed executive open system,Electronics,283.12,174.71,False,2025-01-19 17:23:00
66,Organic exuding success,Electronics,360.21,213.46,True,2024-08-27 01:54:13
67,Organic fault-tolerant system engine,Toys,335.11,161.6,True,2025-03-21 10:58:02
68,Reactive mobile neural-net,Home,339.13,193.48,True,2024-12-05 08:48:15
69,Optimized uniform Internet solution,Garden,182.56,79.03,True,2024-09-24 21:26:22
70,Re-engineered asynchronous data-warehouse,Garden,48.85,30.41,True,2024-12-08 08:47:56
71,Total scalable success,Electronics,316.18,152.4,True,2025-05-17 02:33:21
72,Distributed real-time synergy,Electronics,34.22,22.38,True,2023-09-07 19:10:24
73,Stand-alone bi-directional website,Home,56.68,27.23,True,2025-07-04 10:17:54
74,Sharable tangible array,Electronics,388.44,161.49,True,2025-07-21 23:40:57
75,Visionary solution-oriented emulation,Clothing,18.07,11.68,True,2024-01-12 12:47:51
76,Exclusive reciprocal utilization,Home,405.02,268.47,True,2025-03-08 13:20:35
77,Programmable analyzing extranet,Home,201.93,95.82,True,2023-12-29 11:08:34
78,Pre-emptive maximized instruction set,Sports,163.97,118.04,True,2024-04-06 09:10:42
79,Cloned global knowledgebase,Garden,354.37,199.35,True,2024-07-28 11:29:18
80,Team-oriented encompassing methodology,Sports,297.37,143.21,True,2023-12-05 18:04:47
81,Customizable fresh-thinking help-desk,Clothing,455.87,332.75,True,2024-05-04 00:25:14
82,Multi-lateral bandwidth-monitored toolset,Clothing,81.52,33.67,True,2024-06-15 14:50:23
83,Total local Graphic Interface,Electronics,434.33,186.85,True,2024-04-16 00:31:38
84,Expanded disintermediate utilization,Garden,65.85,42.91,True,2024-08-13 03:43:50
85,Enterprise-wide holistic framework,Sports,329.38,238.93,True,2024-07-22 00:43:45
86,Front-line optimizing frame,Garden,382.81,154.81,True,2024-10-01 23:19:05
87,Sharable actuating contingency,Clothing,198.75,89.78,True,2024-04-10 19:34:19
88,De-engineered zero tolerance collaboration,Electronics,329.55,246.42,True,2024-02-01 09:02:18
89,Devolved context-sensitive solution,Clothing,105.19,69.72,True,2025-08-17 09:23:10
90,Stand-alone optimizing middleware,Electronics,218.03,131.64,True,2025-02-25 22:42:26
91,Universal content-based firmware,Garden,443.22,234.16,True,2025-07-23 00:52:02
92,Proactive human-resource moderator,Toys,273.79,157.52,True,2024-01-11 04:07:36
93,Function-based bi-directional synergy,Sports,308.23,130.55,True,2024-09-22 20:11:40
94,Multi-lateral client-driven benchmark,Electronics,423.07,260.38,True,2025-05-27 17:34:35
95,Optional fault-tolerant middleware,Toys,156.96,70.63,True,2025-03-29 19:07:15
96,Function-based bandwidth-monitored collaboration,Electronics,392.41,275.4,True,2024-11-04 20:53:34
97,Team-oriented multi-state infrastructure,Electronics,397.77,193.54,True,2023-09-28 08:29:40
98,Multi-tiered object-oriented intranet,Electronics,183.24,106.17,True,2024-12-22 01:48:41
99,Persevering next generation leverage,Electronics,254.1,120.63,True,2024-10-14 01:21:21
100,Stand-alone bi-directional access,Toys,219.31,102.95,True,2025-01-25 02:03:15
101,Universal mobile matrices,Sports,136.92,81.85,True,2025-05-16 02:54:15
102,Compatible executive benchmark,Clothing,160.83,82.91,True,2025-01-18 12:17:22
103,Up-sized demand-driven knowledge user,Sports,354.61,248.78,True,2025-02-12 11:08:40
104,Cross-group systemic service-desk,Sports,389.64,258.89,True,2024-10-14 22:57:47
105,Optimized mission-critical circuit,Toys,430.03,178.08,True,2024-01-11 03:46:05
106,Multi-channeled 24hour artificial intelligence,Garden,88.64,42.2,True,2024-03-12 09:59:40
107,Managed 6thgeneration array,Clothing,327.1,151.14,True,2025-07-11 17:16:25
108,Realigned fresh-thinking contingency,Garden,460.44,290.88,True,2023-09-05 23:30:03
109,Self-enabling heuristic database,Clothing,128.67,67.58,True,2024-04-28 01:45:04
110,Decentralized intangible Local Area Network,Home,9.48,7.53,True,2023-10-04 08:56:53
111,Advanced scalable standardization,Electronics,357.07,161.45,True,2023-10-23 06:34:36
112,Face-to-face bi-directional customer loyalty,Toys,374.17,187.95,True,2024-12-08 10:29:39
113,Extended dynamic analyzer,Garden,342.24,149.41,True,2025-04-12 04:42:10
114,Object-based 6thgeneration budgetary management,Electronics,223.39,134.19,True,2023-11-04 18:15:05
115,Innovative 4thgeneration archive,Toys,50.72,26.36,True,2024-12-09 19:32:54
116,Profit-focused static workforce,Garden,72.0,52.48,True,2025-04-30 17:39:18
117,Switchable systematic definition,Toys,39.16,25.32,True,2024-03-07 18:23:06
118,Grass-roots hybrid portal,Clothing,44.93,34.63,True,2024-01-11 05:06:59
119,Down-sized responsive structure,Sports,59.32,26.76,True,2024-04-24 23:18:31
120,Pre-emptive object-oriented installation,Toys,139.48,77.82,True,2024-12-19 05:06:26
121,Triple-buffered incremental protocol,Clothing,299.15,202.34,True,2024-04-30 23:40:37
122,Persevering holistic parallelism,Garden,499.44,312.89,True,2025-03-14 21:32:34
123,Expanded leadingedge Internet solution,Home,467.96,295.83,True,2024-12-25 17:41:43
124,Pre-emptive 3rdgeneration model,Garden,449.26,340.77,True,2025-05-13 03:14:33
125,Distributed leadingedge alliance,Toys,275.69,214.47,True,2025-07-21 07:36:00
126,Reduced context-sensitive throughput,Clothing,193.79,148.91,True,2025-06-23 04:37:35
127,Customizable asynchronous intranet,Clothing,103.38,64.13,True,2023-10-18 16:12:56
128,Persistent bi-directional capability,Garden,167.55,109.21,True,2023-09-03 21:42:08
129,Self-enabling eco-centric solution,Electronics,444.68,228.98,True,2025-01-09 12:25:16
130,Profit-focused multi-tasking infrastructure,Electronics,349.69,157.23,False,2024-02-15 02:00:33
131,Proactive well-modulated access,Electronics,494.95,239.76,True,2024-02-23 08:05:14
132,Intuitive high-level benchmark,Garden,426.87,297.21,True,2024-06-18 13:10:23
133,Cross-group clear-thinking access,Electronics,33.79,19.93,True,2025-07-29 10:06:04
134,Programmable radical archive,Toys,70.22,29.72,True,2025-01-09 18:50:14
135,Customizable intermediate alliance,Electronics,287.01,207.67,True,2025-01-28 15:20:21
136,Cloned dedicated support,Electronics,128.06,92.2,True,2025-01-10 17:49:25
137,Customer-focused next generation open architecture,Toys,393.33,208.74,True,2025-08-06 12:41:55
138,Optional multimedia adapter,Toys,213.59,132.7,True,2024-05-23 00:19:16
139,Total optimal Graphic Interface,Electronics,179.63,98.79,True,2024-06-05 04:38:11
140,Horizontal static interface,Garden,159.41,115.27,True,2024-10-14 07:03:40
141,Ameliorated leadingedge success,Toys,237.24,178.46,True,2025-03-09 14:00:28
142,Cross-group 4thgeneration pricing structure,Garden,28.22,12.35,True,2023-08-27 14:09:29
143,Centralized 3rdgeneration interface,Home,230.6,182.3,True,2024-03-16 22:37:31
144,Function-based national framework,Electronics,366.7,221.8,True,2023-09-08 10:35:45
145,Multi-channeled local function,Sports,466.06,217.04,True,2023-09-13 16:23:03
146,Decentralized secondary infrastructure,Garden,13.24,7.02,True,2024-04-10 14:44:11
147,Future-proofed web-enabled functionalities,Electronics,211.01,123.92,True,2023-10-21 13:27:24
148,Multi-channeled 6thgeneration utilization,Sports,395.59,290.36,False,2025-03-16 05:59:34
149,Extended needs-based capability,Toys,356.4,182.81,True,2024-07-07 22:27:22
150,Managed high-level open system,Garden,138.68,100.02,True,2024-08-01 22:22:33
151,Horizontal bifurcated methodology,Clothing,437.53,242.03,True,2024-05-23 01:14:52
152,Profit-focused contextually-based benchmark,Clothing,290.64,200.58,True,2024-07-29 20:39:31
153,Optimized intermediate matrices,Garden,195.39,104.56,True,2024-01-01 07:10:24
154,Face-to-face static policy,Clothing,182.81,82.67,True,2025-03-01 19:23:31
155,Future-proofed empowering methodology,Electronics,476.15,286.94,True,2024-12-17 15:21:01
156,Open-source bi-directional functionalities,Sports,84.01,34.54,False,2024-04-24 08:43:44
157,Horizontal bi-directional utilization,Toys,286.29,219.58,True,2024-12-11 19:00:47
158,Profound multimedia strategy,Sports,20.82,15.71,True,2024-07-24 09:51:58
159,Versatile neutral matrices,Clothing,479.54,220.69,True,2025-03-10 09:27:03
160,Function-based zero-defect protocol,Clothing,112.49,52.91,True,2025-04-29 12:03:21
161,Networked zero-defect initiative,Garden,49.09,21.47,True,2025-06-16 10:43:09
162,Automated 3rdgeneration product,Electronics,467.9,245.12,True,2025-04-05 08:48:15
163,Advanced composite frame,Electronics,21.3,9.14,False,2024-01-14 06:25:05
164,User-friendly grid-enabled process improvement,Toys,152.62,66.22,True,2025-01-05 22:39:11
165,Intuitive coherent model,Garden,135.81,55.21,True,2024-11-26 18:02:59
166,Profound leadingedge installation,Electronics,469.47,370.01,True,2024-11-11 12:13:10
167,Adaptive encompassing productivity,Clothing,112.07,81.36,True,2024-02-29 13:40:27
168,Realigned foreground framework,Garden,101.82,51.48,False,2024-12-08 13:32:36
169,Up-sized tertiary access,Home,44.5,30.3,True,2024-10-31 04:24:31
170,Profit-focused context-sensitive approach,Sports,499.11,242.18,True,2024-04-13 18:08:41
171,Universal clear-thinking capability,Electronics,364.48,234.45,True,2024-08-04 22:47:41
172,User-friendly global extranet,Electronics,474.18,239.62,True,2023-12-12 07:36:27
173,Streamlined discrete algorithm,Garden,56.7,33.21,True,2025-01-29 16:44:49
174,Cross-group encompassing firmware,Electronics,414.13,232.63,True,2023-12-31 06:32:22
175,Re-engineered leadingedge middleware,Clothing,374.08,249.28,True,2025-06-21 08:49:46
176,Balanced composite array,Home,403.42,224.21,False,2024-06-10 19:15:32
177,Innovative needs-based structure,Sports,43.18,32.81,True,2025-02-13 02:16:00
178,Right-sized client-driven moderator,Toys,28.63,11.63,True,2025-05-19 06:15:33
179,Sharable high-level system engine,Toys,478.33,367.59,True,2023-10-12 02:51:44
180,Multi-layered reciprocal knowledge user,Sports,357.39,187.36,True,2025-01-24 06:12:20
181,Multi-lateral attitude-oriented secured line,Home,156.01,110.8,True,2025-08-08 15:11:17
182,Polarized optimizing architecture,Toys,360.62,163.39,True,2025-03-29 08:32:40
183,Customizable coherent capacity,Electronics,485.97,345.53,False,2024-08-30 20:04:37
184,Operative executive hardware,Home,237.6,96.06,True,2024-03-17 13:06:21
185,Centralized hybrid collaboration,Garden,484.99,360.48,True,2024-12-17 18:35:07
186,Persevering radical standardization,Clothing,84.17,62.13,True,2025-02-06 04:28:34
187,Reverse-engineered non-volatile hardware,Toys,253.91,153.19,True,2024-04-20 09:43:44
188,Total optimal adapter,Toys,305.89,131.04,True,2023-12-14 01:43:23
189,Fully-configurable contextually-based project,Garden,70.82,34.64,True,2024-05-07 09:15:33
190,Cross-group uniform moratorium,Electronics,396.45,176.99,True,2025-05-23 09:09:45
191,Organic tertiary productivity,Sports,10.15,4.59,True,2023-08-29 16:46:14
192,Multi-tiered full-range frame,Sports,457.44,247.35,True,2024-09-29 15:41:14
193,Diverse disintermediate customer loyalty,Sports,208.61,86.26,True,2024-07-17 02:48:17
194,Reactive optimizing model,Toys,367.51,149.96,True,2024-06-06 18:44:49
195,Managed discrete product,Electronics,408.23,259.61,False,2024-02-20 23:13:45
196,Intuitive discrete matrix,Garden,154.18,121.99,True,2025-07-09 10:27:40
197,Configurable executive functionalities,Garden,114.0,49.21,True,2025-08-15 04:21:50
198,Customizable mission-critical standardization,Electronics,45.21,28.83,True,2024-04-30 05:10:08
199,Decentralized homogeneous analyzer,Sports,449.29,267.02,True,2023-09-12 02:43:31
200,Implemented fresh-thinking data-warehouse,Toys,481.86,324.8,True,2024-03-26 06:47:18
